{"resourceType":"ImplementationGuide","id":"careconnect-api-stu3","text":{"status":"generated","div":"<div xmlns=\"http://www.w3.org/1999/xhtml\"><h2>Care Connect API</h2><p>The official URL for this implementation guide is: </p><pre>https://kevinmayfield.github.io/careconnect-api-stu3/ImplementationGuide/careconnect-api-stu3</pre><div><p>Demonstration of Care Connect STU3 Implementation Guide to support API Management</p>\n</div></div>"},"url":"https://kevinmayfield.github.io/careconnect-api-stu3/ImplementationGuide/careconnect-api-stu3","name":"Care Connect API","status":"draft","experimental":false,"date":"2019-12-14T09:59:07+00:00","publisher":"mayfield-is.co.uk","contact":[{"telecom":[{"system":"email","value":"kevin.mayfield@mayfield-is.co.uk"}]}],"description":"Demonstration of Care Connect STU3 Implementation Guide to support API Management","jurisdiction":[{"coding":[{"system":"http://unstats.un.org/unsd/methods/m49/m49.htm","code":"826"}]}],"fhirVersion":"3.0.2","dependency":[{"type":"reference","uri":"https://fhir.hl7.org.uk/STU3/ImplementationGuide/careconnect.base.stu3"}],"package":[{"id":"_dyn_capabilitystatement","name":"Behavior: Capability Statements","description":"The following artifacts define the specwhenic capabilities that dwhenferent types of systems complying with this implementation guide are expected to have.  Systems complying with the implementation guide are expected to declare conformance to one or more of the following capability statements.","resource":[{"extension":[{"url":"http://hl7.org/fhir/StructureDefinition/implementationguide-page","valueUri":"CapabilityStatement-appointment.html"}],"example":false,"name":"Appointment API","description":"Appointment API Conformance","sourceReference":{"reference":"CapabilityStatement/appointment"}},{"extension":[{"url":"http://hl7.org/fhir/StructureDefinition/implementationguide-page","valueUri":"CapabilityStatement-clinical.html"}],"example":false,"name":"Clinical API","description":"Clinical API Conformance","sourceReference":{"reference":"CapabilityStatement/clinical"}},{"extension":[{"url":"http://hl7.org/fhir/StructureDefinition/implementationguide-page","valueUri":"CapabilityStatement-diagnostics.html"}],"example":false,"name":"Diagnostic API","description":"Diagnostic API Conformance","sourceReference":{"reference":"CapabilityStatement/diagnostics"}},{"extension":[{"url":"http://hl7.org/fhir/StructureDefinition/implementationguide-page","valueUri":"CapabilityStatement-document.html"}],"example":false,"name":"Document API","description":"Document API Conformance","sourceReference":{"reference":"CapabilityStatement/document"}},{"extension":[{"url":"http://hl7.org/fhir/StructureDefinition/implementationguide-page","valueUri":"CapabilityStatement-foundation.html"}],"example":false,"name":"Foundation API","description":"Foundation API Conformance","sourceReference":{"reference":"CapabilityStatement/foundation"}},{"extension":[{"url":"http://hl7.org/fhir/StructureDefinition/implementationguide-page","valueUri":"CapabilityStatement-medication.html"}],"example":false,"name":"Medication API","description":"Medication API Conformance","sourceReference":{"reference":"CapabilityStatement/medication"}},{"extension":[{"url":"http://hl7.org/fhir/StructureDefinition/implementationguide-page","valueUri":"CapabilityStatement-messaging.html"}],"example":false,"name":"Messaging API","description":"Messaging API Conformance.","sourceReference":{"reference":"CapabilityStatement/messaging"}},{"extension":[{"url":"http://hl7.org/fhir/StructureDefinition/implementationguide-page","valueUri":"CapabilityStatement-workflow.html"}],"example":false,"name":"Workflow API","description":"Workflow API Conformance","sourceReference":{"reference":"CapabilityStatement/workflow"}}]},{"id":"_other","name":"Other","description":"These are resources that are used within this implementation guide that don't fit into one of the other categories","resource":[{"extension":[{"url":"http://hl7.org/fhir/StructureDefinition/implementationguide-page","valueUri":"SearchParameter-careconnect-patient-gender.html"}],"example":false,"name":"Patient Gender","description":"Patient Gender description","sourceReference":{"reference":"SearchParameter/careconnect-patient-gender"}}]}],"page":{"source":"toc.html","title":"Table of Contents","kind":"page","page":[{"source":"index.html","title":"Care Connect API STU3","kind":"resource"},{"source":"encounter.html","title":"Encounter","kind":"resource"},{"source":"patient.html","title":"Patient","kind":"resource"},{"source":"observation.html","title":"Observation","kind":"resource"},{"source":"organisation.html","title":"Organisation","kind":"resource"},{"source":"swagger-pas.html","title":"OpenAPI PAS","kind":"page"},{"source":"swagger-edms.html","title":"OpenAPI EDMS","kind":"page"},{"source":"swagger-messaging.html","title":"OpenAPI Messging","kind":"page"},{"source":"searchparameters.html","title":"Search Paramters","kind":"resource"},{"source":"artifacts.html","title":"Artifacts Summary","kind":"page","page":[{"source":"CapabilityStatement-appointment.html","title":"Appointment API","kind":"resource"},{"source":"CapabilityStatement-clinical.html","title":"Clinical API","kind":"resource"},{"source":"CapabilityStatement-diagnostics.html","title":"Diagnostic API","kind":"resource"},{"source":"CapabilityStatement-document.html","title":"Document API","kind":"resource"},{"source":"CapabilityStatement-foundation.html","title":"Foundation API","kind":"resource"},{"source":"CapabilityStatement-medication.html","title":"Medication API","kind":"resource"},{"source":"CapabilityStatement-messaging.html","title":"Messaging API","kind":"resource"},{"source":"CapabilityStatement-workflow.html","title":"Workflow API","kind":"resource"},{"source":"SearchParameter-careconnect-patient-gender.html","title":"Patient Gender","kind":"resource"}]}]}}