<?xml version="1.0" encoding="UTF-8"?>

<CapabilityStatement xmlns="http://hl7.org/fhir">
  <id value="messaging"/>
  <text>
    <status value="generated"/><div xmlns="http://www.w3.org/1999/xhtml"><h2>HL7 UK TIE API Capability Statement</h2><div><p>Minimal conformance requirements for a TIE Server exposing a FHIR RESTful API</p>
</div><table><tr><td>Mode</td><td>SERVER</td></tr><tr><td>Description</td><td/></tr><tr><td>Transaction</td><td></td></tr><tr><td>System History</td><td></td></tr><tr><td>System Search</td><td></td></tr></table><table><tr><th><b>Resource Type</b></th><th><b>Profile</b></th><th><b title="GET a resource (read interaction)">Read</b></th><th><b title="GET all set of resources of the type (search interaction)">Search</b></th><th><b title="PUT a new resource version (update interaction)">Update</b></th><th><b title="POST a new resource (create interaction)">Create</b></th></tr><tr><td>Bundle</td><td><a href="http://hl7.org/fhir/StructureDefinition/Bundle">http://hl7.org/fhir/StructureDefinition/Bundle</a></td><td></td><td></td><td></td><td>y</td></tr></table></div>
  </text>
  <url value="https://mayfield-is.co.uk/STU3/CapabilityStatement/messaging"/>
  <version value="3.0.0"/>
  <name value="HL7 UK TIE API Capability Statement"/>
  <status value="active"/>
  <date value="2019-12-10T22:32:48+00:00"/>
  <publisher value="mayfield-is"/>
  <contact>
    <telecom>
      <system value="email"/>
      <value value="kevin.mayfield@mayfield-is.co.uk"/>
    </telecom>
  </contact>
  <description value="Minimal conformance requirements for a TIE Server exposing a FHIR RESTful API"/>
  <jurisdiction>
    <coding>
      <system value="http://unstats.un.org/unsd/methods/m49/m49.htm"/>
      <code value="826"/>
    </coding>
  </jurisdiction>
  <kind value="instance"/>
  <fhirVersion value="3.0.2"/>
  <acceptUnknown value="extensions"/>
  <format value="application/fhir+json"/>
  <rest>
    <mode value="server"/>
    <resource>
      <type value="Bundle"/>
      <profile>
        <reference value="http://hl7.org/fhir/StructureDefinition/Bundle"/>
      </profile>
      <interaction>
        <code value="create"/>
      </interaction>
      <conditionalUpdate value="false"/>
    </resource>
  </rest>
</CapabilityStatement>