<?xml version="1.0" encoding="UTF-8"?>

<ImplementationGuide xmlns="http://hl7.org/fhir">
  <id value="hl7.fhir.uk.api"/>
  <text>
    <status value="generated"/><div xmlns="http://www.w3.org/1999/xhtml"><h2>HL7 UK FHIR API</h2><p>The official URL for this implementation guide is: </p><pre>https://fhir.hl7.org.uk/STU3/ImplementationGuide/hl7.fhir.uk.api</pre><div><p>A brief description of what MyIG is about (probably the same text as in your readme)</p>
</div></div>
  </text>
  <url value="https://fhir.hl7.org.uk/STU3/ImplementationGuide/hl7.fhir.uk.api"/>
  <name value="HL7 UK FHIR API"/>
  <status value="draft"/>
  <experimental value="false"/>
  <date value="2019-12-07T09:41:43+00:00"/>
  <publisher value="HL7 UK"/>
  <contact>
    <telecom>
      <system value="other"/>
      <value value="http://hl7.org/Special/committees/[something]"/>
    </telecom>
  </contact>
  <description value="A brief description of what MyIG is about (probably the same text as in your readme)"/>
  <jurisdiction>
    <coding>
      <system value="http://unstats.un.org/unsd/methods/m49/m49.htm"/>
      <code value="826"/>
    </coding>
  </jurisdiction>
  <fhirVersion value="3.0.2"/>
  <page>
    <source value="toc.html"/>
    <title value="Table of Contents"/>
    <kind value="page"/>
    <page>
      <source value="index.html"/>
      <title value="CareConnect API"/>
      <kind value="page"/>
    </page>
  </page>
</ImplementationGuide>