{"resourceType":"CapabilityStatement","id":"pas","text":{"status":"generated","div":"<div xmlns=\"http://www.w3.org/1999/xhtml\"><h2>HL7 UK PAS API Capability Statement</h2><div><p>Minimal conformance requirements for a PAS Server exposing a FHIR RESTful API</p>\n</div><table><tr><td>Mode</td><td>SERVER</td></tr><tr><td>Description</td><td/></tr><tr><td>Transaction</td><td></td></tr><tr><td>System History</td><td></td></tr><tr><td>System Search</td><td></td></tr></table><table><tr><th><b>Resource Type</b></th><th><b>Profile</b></th><th><b title=\"GET a resource (read interaction)\">Read</b></th><th><b title=\"GET all set of resources of the type (search interaction)\">Search</b></th><th><b title=\"PUT a new resource version (update interaction)\">Update</b></th><th><b title=\"POST a new resource (create interaction)\">Create</b></th></tr><tr><td>Appointment</td><td><a href=\"https://fhir.hl7.org.uk/STU3/StructureDefinition/CareConnect-Appointment-1\">https://fhir.hl7.org.uk/STU3/StructureDefinition/CareConnect-Appointment-1</a></td><td>y</td><td>y</td><td></td><td></td></tr><tr><td>Encounter</td><td><a href=\"https://fhir.hl7.org.uk/STU3/StructureDefinition/CareConnect-Encounter-1\">https://fhir.hl7.org.uk/STU3/StructureDefinition/CareConnect-Encounter-1</a></td><td>y</td><td>y</td><td></td><td></td></tr><tr><td>Organization</td><td><a href=\"https://fhir.hl7.org.uk/STU3/StructureDefinition/CareConnect-Organization-1\">https://fhir.hl7.org.uk/STU3/StructureDefinition/CareConnect-Organization-1</a></td><td>y</td><td>y</td><td></td><td></td></tr><tr><td>Patient</td><td><a href=\"https://fhir.hl7.org.uk/STU3/StructureDefinition/CareConnect-Patient-1\">https://fhir.hl7.org.uk/STU3/StructureDefinition/CareConnect-Patient-1</a></td><td>y</td><td>y</td><td></td><td></td></tr><tr><td>Practitioner</td><td><a href=\"https://fhir.hl7.org.uk/STU3/StructureDefinition/CareConnect-Practitioner-1\">https://fhir.hl7.org.uk/STU3/StructureDefinition/CareConnect-Practitioner-1</a></td><td>y</td><td>y</td><td></td><td></td></tr><tr><td>PractitionerRole</td><td><a href=\"https://fhir.hl7.org.uk/STU3/StructureDefinition/CareConnect-PractitionerRole-1\">https://fhir.hl7.org.uk/STU3/StructureDefinition/CareConnect-PractitionerRole-1</a></td><td>y</td><td>y</td><td></td><td></td></tr><tr><td>Procedure</td><td><a href=\"https://fhir.hl7.org.uk/STU3/StructureDefinition/CareConnect-Procedure-1\">https://fhir.hl7.org.uk/STU3/StructureDefinition/CareConnect-Procedure-1</a></td><td>y</td><td>y</td><td></td><td></td></tr></table></div>"},"url":"https://fhir.hl7.org.uk/STU3/CapabilityStatement/pas","version":"3.0.0","name":"HL7 UK PAS API Capability Statement","status":"active","date":"2019-12-07T15:24:32+00:00","publisher":"HL7 UK","contact":[{"telecom":[{"system":"other","value":"http://hl7.org/Special/committees/[something]"}]}],"description":"Minimal conformance requirements for a PAS Server exposing a FHIR RESTful API","jurisdiction":[{"coding":[{"system":"http://unstats.un.org/unsd/methods/m49/m49.htm","code":"826"}]}],"kind":"instance","fhirVersion":"3.0.2","acceptUnknown":"extensions","format":["application/fhir+json"],"rest":[{"mode":"server","resource":[{"type":"Appointment","profile":{"reference":"https://fhir.hl7.org.uk/STU3/StructureDefinition/CareConnect-Appointment-1"},"interaction":[{"code":"read"},{"code":"search-type"}],"conditionalUpdate":true,"searchParam":[{"name":"_id","type":"string","documentation":"The ID of the resource"},{"name":"identifier","type":"token","documentation":"An Identifier of the Appointment"}]},{"type":"Encounter","profile":{"reference":"https://fhir.hl7.org.uk/STU3/StructureDefinition/CareConnect-Encounter-1"},"interaction":[{"code":"read"},{"code":"search-type"}],"conditionalUpdate":true,"searchInclude":["*","Composition:encounter","Condition:context","DocumentReference:context","Encounter:location","Encounter:part-of","Encounter:participant","Encounter:patient","Encounter:service-provider","Immunization:encounter","MedicationRequest:context","Observation:context","Procedure:context","ReferralRequest:encounter"],"searchParam":[{"name":"_id","type":"string","documentation":"The ID of the resource"},{"name":"date","type":"date","documentation":"A date within the period the Encounter lasted"},{"name":"episodeofcare","type":"reference","documentation":"Episode(s) of care that this encounter should be recorded against"},{"name":"identifier","type":"token","documentation":"Identifier(s) by which this encounter is known"},{"name":"patient","type":"reference","documentation":"The patient ro group present at the encounter"},{"name":"status","type":"token","documentation":"planned | arrived | triaged | in-progress | onleave | finished | cancelled +"},{"name":"type","type":"token","documentation":"Specific type of encounter"}]},{"type":"Organization","profile":{"reference":"https://fhir.hl7.org.uk/STU3/StructureDefinition/CareConnect-Organization-1"},"interaction":[{"code":"read"},{"code":"search-type"}],"conditionalUpdate":true,"searchParam":[{"name":"_id","type":"string","documentation":"The ID of the resource"},{"name":"address-postalcode","type":"string","documentation":"A postal code specified in an address"},{"name":"identifier","type":"token","documentation":"Any identifier for the organization (not the accreditation issuer's identifier)"},{"name":"name","type":"string","documentation":"A portion of the organization's name or alias"}]},{"type":"Patient","profile":{"reference":"https://fhir.hl7.org.uk/STU3/StructureDefinition/CareConnect-Patient-1"},"interaction":[{"code":"read"},{"code":"search-type"}],"conditionalUpdate":true,"searchParam":[{"name":"_id","type":"string","documentation":"The ID of the resource"},{"name":"address-postalcode","type":"string","documentation":"A postalCode specified in an address"},{"name":"birthdate","type":"date","documentation":"The patient's date of birth"},{"name":"email","type":"string","documentation":"A value in an email contact"},{"name":"family","type":"string","documentation":"A portion of the family name of the patient"},{"name":"gender","type":"string","documentation":"Gender of the patient"},{"name":"given","type":"string","documentation":"A portion of the given name of the patient"},{"name":"identifier","type":"token","documentation":"A patient identifier"},{"name":"name","type":"string","documentation":"A server defined search that may match any of the string fields in the HumanName, including family, give, prefix, suffix, suffix, and/or text"},{"name":"phone","type":"string","documentation":"A value in a phone contact"}]},{"type":"Practitioner","profile":{"reference":"https://fhir.hl7.org.uk/STU3/StructureDefinition/CareConnect-Practitioner-1"},"interaction":[{"code":"read"},{"code":"search-type"}],"conditionalUpdate":true,"searchParam":[{"name":"_id","type":"string","documentation":"The ID of the resource"},{"name":"address-postalcode","type":"string","documentation":"A postalCode specified in an address"},{"name":"identifier","type":"token","documentation":"A practitioner's Identifier"},{"name":"name","type":"string","documentation":"A server defined search that may match any of the string fields in the HumanName, including family, give, prefix, suffix, suffix, and/or text"}]},{"type":"PractitionerRole","profile":{"reference":"https://fhir.hl7.org.uk/STU3/StructureDefinition/CareConnect-PractitionerRole-1"},"interaction":[{"code":"read"},{"code":"search-type"}],"conditionalUpdate":true,"searchParam":[{"name":"_id","type":"string","documentation":"The ID of the resource"},{"name":"identifier","type":"token","documentation":"A practitioner's Identifier"},{"name":"organization","type":"reference","documentation":"The identity of the organization the practitioner represents / acts on behalf of"},{"name":"practitioner","type":"reference","documentation":"Practitioner that is able to provide the defined services for the organation"}]},{"type":"Procedure","profile":{"reference":"https://fhir.hl7.org.uk/STU3/StructureDefinition/CareConnect-Procedure-1"},"interaction":[{"code":"read"},{"code":"search-type"}],"conditionalUpdate":true,"searchParam":[{"name":"_id","type":"string","documentation":"The ID of the resource"},{"name":"date","type":"date","documentation":"Date/Period the procedure was performed"},{"name":"identifier","type":"token","documentation":"A unique identifier for a procedure"},{"name":"patient","type":"reference","documentation":"Search by subject - a patient"},{"name":"subject","type":"reference","documentation":"Search by subject"}]}]}]}