{"resourceType":"ImplementationGuide","id":"careconnect-api-stu3","text":{"status":"generated","div":"<div xmlns=\"http://www.w3.org/1999/xhtml\"><h2>Care Connect API</h2><p>The official URL for this implementation guide is: </p><pre>https://mayfield-is.co.uk/STU3/ImplementationGuide/careconnect-api-stu3</pre><div><p>Demonstration of Care Connect STU3 Implementation Guide to support API Management</p>\n</div></div>"},"url":"https://mayfield-is.co.uk/STU3/ImplementationGuide/careconnect-api-stu3","name":"Care Connect API","status":"draft","experimental":false,"date":"2019-12-13T13:34:33+00:00","publisher":"mayfield-is.co.uk","contact":[{"telecom":[{"system":"email","value":"kevin.mayfield@mayfield-is.co.uk"}]}],"description":"Demonstration of Care Connect STU3 Implementation Guide to support API Management","jurisdiction":[{"coding":[{"system":"http://unstats.un.org/unsd/methods/m49/m49.htm","code":"826"}]}],"fhirVersion":"3.0.2","dependency":[{"type":"reference","uri":"https://fhir.hl7.org.uk/STU3/ImplementationGuide/careconnect.base.stu3"}],"package":[{"id":"_dyn_capabilitystatement","name":"Behavior: Capability Statements","description":"The following artifacts define the specwhenic capabilities that dwhenferent types of systems complying with this implementation guide are expected to have.  Systems complying with the implementation guide are expected to declare conformance to one or more of the following capability statements.","resource":[{"extension":[{"url":"http://hl7.org/fhir/StructureDefinition/implementationguide-page","valueUri":"CapabilityStatement-pas.html"}],"example":false,"name":"PAS FHIR RESTful Base Conformance","description":"Patient Administration System FHIR RESTful Base Conformance","sourceReference":{"reference":"CapabilityStatement/pas"}},{"extension":[{"url":"http://hl7.org/fhir/StructureDefinition/implementationguide-page","valueUri":"CapabilityStatement-edms.html"}],"example":false,"name":"EDMS RESTful Base Conformance","description":"Electronic Document Management System FHIR RESTful Base Conformance","sourceReference":{"reference":"CapabilityStatement/edms"}},{"extension":[{"url":"http://hl7.org/fhir/StructureDefinition/implementationguide-page","valueUri":"CapabilityStatement-messaging.html"}],"example":false,"name":"Messaging RESTful Base Conformance","description":"Messaging System FHIR RESTful Base Conformance. In acute trusts this API will normally be found on the Trust Integration Engine","sourceReference":{"reference":"CapabilityStatement/messaging"}}]},{"id":"_other","name":"Other","description":"These are resources that are used within this implementation guide that don't fit into one of the other categories","resource":[{"extension":[{"url":"http://hl7.org/fhir/StructureDefinition/implementationguide-page","valueUri":"SearchParameter-careconnect-patient-gender.html"}],"example":false,"name":"Patient Gender","description":"Patient Gender description","sourceReference":{"reference":"SearchParameter/careconnect-patient-gender"}}]}],"page":{"source":"toc.html","title":"Table of Contents","kind":"page","page":[{"source":"index.html","title":"Care Connect API STU3","kind":"resource"},{"source":"encounter.html","title":"Encounter","kind":"resource"},{"source":"patient.html","title":"Patient","kind":"resource"},{"source":"observation.html","title":"Observation","kind":"resource"},{"source":"organisation.html","title":"Organisation","kind":"resource"},{"source":"swagger-pas.html","title":"OpenAPI PAS","kind":"page"},{"source":"swagger-edms.html","title":"OpenAPI EDMS","kind":"page"},{"source":"swagger-messaging.html","title":"OpenAPI Messging","kind":"page"},{"source":"searchparameters.html","title":"Search Paramters","kind":"resource"},{"source":"artifacts.html","title":"Artifacts Summary","kind":"page","page":[{"source":"CapabilityStatement-pas.html","title":"PAS FHIR RESTful Base Conformance","kind":"resource"},{"source":"CapabilityStatement-edms.html","title":"EDMS RESTful Base Conformance","kind":"resource"},{"source":"CapabilityStatement-messaging.html","title":"Messaging RESTful Base Conformance","kind":"resource"},{"source":"SearchParameter-careconnect-patient-gender.html","title":"Patient Gender","kind":"resource"}]}]}}