{"resourceType":"ImplementationGuide","id":"hl7.fhir.uk.api","text":{"status":"generated","div":"<div xmlns=\"http://www.w3.org/1999/xhtml\"><h2>HL7 UK FHIR API</h2><p>The official URL for this implementation guide is: </p><pre>https://fhir.hl7.org.uk/STU3/ImplementationGuide/hl7.fhir.uk.api</pre><div><p>A brief description of what MyIG is about (probably the same text as in your readme)</p>\n</div></div>"},"url":"https://fhir.hl7.org.uk/STU3/ImplementationGuide/hl7.fhir.uk.api","name":"HL7 UK FHIR API","status":"draft","experimental":false,"date":"2019-12-07T11:48:37+00:00","publisher":"HL7 UK","contact":[{"telecom":[{"system":"other","value":"http://hl7.org/Special/committees/[something]"}]}],"description":"A brief description of what MyIG is about (probably the same text as in your readme)","jurisdiction":[{"coding":[{"system":"http://unstats.un.org/unsd/methods/m49/m49.htm","code":"826"}]}],"fhirVersion":"3.0.2","package":[{"id":"_dyn_capabilitystatement","name":"Behavior: Capability Statements","description":"The following artifacts define the specwhenic capabilities that dwhenferent types of systems complying with this implementation guide are expected to have.  Systems complying with the implementation guide are expected to declare conformance to one or more of the following capability statements.","resource":[{"extension":[{"url":"http://hl7.org/fhir/StructureDefinition/implementationguide-page","valueUri":"CapabilityStatement-pas.html"}],"example":false,"name":"PAS FHIR RESTful Base Conformance","description":"Patient Administration System FHIR RESTful Base Conformance","sourceReference":{"reference":"CapabilityStatement/pas"}},{"extension":[{"url":"http://hl7.org/fhir/StructureDefinition/implementationguide-page","valueUri":"CapabilityStatement-edms.html"}],"example":false,"name":"EDMS FHIR RESTful Base Conformance","description":"Electronic Document Management System FHIR RESTful Base Conformance","sourceReference":{"reference":"CapabilityStatement/edms"}},{"extension":[{"url":"http://hl7.org/fhir/StructureDefinition/implementationguide-page","valueUri":"CapabilityStatement-messaging.html"}],"example":false,"name":"Messaging FHIR RESTful Base Conformance","description":"Messaging System FHIR RESTful Base Conformance. In acute trusts this API will normally be found on the Trust Integration Engine","sourceReference":{"reference":"CapabilityStatement/messaging"}}]}],"page":{"source":"toc.html","title":"Table of Contents","kind":"page","page":[{"source":"swagger-pas.html","title":"OpenAPI PAS","kind":"page"},{"source":"swagger-edms.html","title":"OpenAPI EDMS","kind":"page"},{"source":"index.html","title":"CareConnect API","kind":"page"},{"source":"artifacts.html","title":"Artifacts Summary","kind":"page","page":[{"source":"CapabilityStatement-pas.html","title":"PAS FHIR RESTful Base Conformance","kind":"resource"},{"source":"CapabilityStatement-edms.html","title":"EDMS FHIR RESTful Base Conformance","kind":"resource"},{"source":"CapabilityStatement-messaging.html","title":"Messaging FHIR RESTful Base Conformance","kind":"resource"}]}]}}