{"resourceType":"SearchParameter","id":"careconnect-patient-gender","url":"https://fhir.hl7.orguk/STU3/SearchParameter/careconnect-patient-gender","version":"3.0.0","name":"CareConnectPatientGender","status":"draft","experimental":false,"date":"2019-09-23T10:48:45+01:00","publisher":"mayfield-is","contact":[{"telecom":[{"system":"email","value":"kevin.mayfield@mayfield-is.co.uk"}]}],"jurisdiction":[{"coding":[{"system":"http://unstats.un.org/unsd/methods/m49/m49.htm","code":"826"}]}],"code":"gender","base":["Patient"],"type":"token","derivedFrom":"http://hl7.org/fhir/SearchParameter/individual-gender","description":"Gender of the patient","expression":"Patient.gender","xpath":"f:Patient/f:gender","xpathUsage":"normal"}