<?xml version="1.0" encoding="UTF-8"?><CapabilityStatement xmlns="http://hl7.org/fhir"><id value="pas"/><text><status value="generated"/><div xmlns="http://www.w3.org/1999/xhtml"><h2>HL7 UK PAS API Capability Statement</h2><div><p>Minimal conformance requirements for a PAS Server exposing a FHIR RESTful API</p>
</div><table><tr><td>Mode</td><td>SERVER</td></tr><tr><td>Description</td><td/></tr><tr><td>Transaction</td><td></td></tr><tr><td>System History</td><td></td></tr><tr><td>System Search</td><td></td></tr></table><table><tr><th><b>Resource Type</b></th><th><b>Profile</b></th><th><b title="GET a resource (read interaction)">Read</b></th><th><b title="GET all set of resources of the type (search interaction)">Search</b></th><th><b title="PUT a new resource version (update interaction)">Update</b></th><th><b title="POST a new resource (create interaction)">Create</b></th></tr><tr><td>Appointment</td><td><a href="https://fhir.hl7.org.uk/STU3/StructureDefinition/CareConnect-Appointment-1">https://fhir.hl7.org.uk/STU3/StructureDefinition/CareConnect-Appointment-1</a></td><td>y</td><td>y</td><td></td><td></td></tr><tr><td>Encounter</td><td><a href="https://fhir.hl7.org.uk/STU3/StructureDefinition/CareConnect-Encounter-1">https://fhir.hl7.org.uk/STU3/StructureDefinition/CareConnect-Encounter-1</a></td><td>y</td><td>y</td><td></td><td></td></tr><tr><td>Organization</td><td><a href="https://fhir.hl7.org.uk/STU3/StructureDefinition/CareConnect-Organization-1">https://fhir.hl7.org.uk/STU3/StructureDefinition/CareConnect-Organization-1</a></td><td>y</td><td>y</td><td></td><td></td></tr><tr><td>Patient</td><td><a href="https://fhir.hl7.org.uk/STU3/StructureDefinition/CareConnect-Patient-1">https://fhir.hl7.org.uk/STU3/StructureDefinition/CareConnect-Patient-1</a></td><td>y</td><td>y</td><td></td><td></td></tr><tr><td>Practitioner</td><td><a href="https://fhir.hl7.org.uk/STU3/StructureDefinition/CareConnect-Practitioner-1">https://fhir.hl7.org.uk/STU3/StructureDefinition/CareConnect-Practitioner-1</a></td><td>y</td><td>y</td><td></td><td></td></tr><tr><td>PractitionerRole</td><td><a href="https://fhir.hl7.org.uk/STU3/StructureDefinition/CareConnect-PractitionerRole-1">https://fhir.hl7.org.uk/STU3/StructureDefinition/CareConnect-PractitionerRole-1</a></td><td>y</td><td>y</td><td></td><td></td></tr><tr><td>Procedure</td><td><a href="https://fhir.hl7.org.uk/STU3/StructureDefinition/CareConnect-Procedure-1">https://fhir.hl7.org.uk/STU3/StructureDefinition/CareConnect-Procedure-1</a></td><td>y</td><td>y</td><td></td><td></td></tr></table></div></text><url value="https://fhir.hl7.org.uk/STU3/CapabilityStatement/pas"/><version value="3.0.0"/><name value="HL7 UK PAS API Capability Statement"/><status value="active"/><date value="2019-12-07T14:41:40+00:00"/><publisher value="HL7 UK"/><contact><telecom><system value="other"/><value value="http://hl7.org/Special/committees/[something]"/></telecom></contact><description value="Minimal conformance requirements for a PAS Server exposing a FHIR RESTful API"/><jurisdiction><coding><system value="http://unstats.un.org/unsd/methods/m49/m49.htm"/><code value="826"/></coding></jurisdiction><kind value="instance"/><fhirVersion value="3.0.2"/><acceptUnknown value="extensions"/><format value="application/fhir+json"/><rest><mode value="server"/><resource><type value="Appointment"/><profile><reference value="https://fhir.hl7.org.uk/STU3/StructureDefinition/CareConnect-Appointment-1"/></profile><interaction><code value="read"/></interaction><interaction><code value="search-type"/></interaction><conditionalUpdate value="true"/><searchParam><name value="_id"/><type value="string"/><documentation value="The ID of the resource"/></searchParam><searchParam><name value="identifier"/><type value="token"/><documentation value="An Identifier of the Appointment"/></searchParam></resource><resource><type value="Encounter"/><profile><reference value="https://fhir.hl7.org.uk/STU3/StructureDefinition/CareConnect-Encounter-1"/></profile><interaction><code value="read"/></interaction><interaction><code value="search-type"/></interaction><conditionalUpdate value="true"/><searchInclude value="*"/><searchInclude value="Composition:encounter"/><searchInclude value="Condition:context"/><searchInclude value="DocumentReference:context"/><searchInclude value="Encounter:location"/><searchInclude value="Encounter:part-of"/><searchInclude value="Encounter:participant"/><searchInclude value="Encounter:patient"/><searchInclude value="Encounter:service-provider"/><searchInclude value="Immunization:encounter"/><searchInclude value="MedicationRequest:context"/><searchInclude value="Observation:context"/><searchInclude value="Procedure:context"/><searchInclude value="ReferralRequest:encounter"/><searchParam><name value="_id"/><type value="string"/><documentation value="The ID of the resource"/></searchParam><searchParam><name value="date"/><type value="date"/><documentation value="A date within the period the Encounter lasted"/></searchParam><searchParam><name value="episodeofcare"/><type value="reference"/><documentation value="Episode(s) of care that this encounter should be recorded against"/></searchParam><searchParam><name value="identifier"/><type value="token"/><documentation value="Identifier(s) by which this encounter is known"/></searchParam><searchParam><name value="patient"/><type value="reference"/><documentation value="The patient ro group present at the encounter"/></searchParam><searchParam><name value="status"/><type value="token"/><documentation value="planned | arrived | triaged | in-progress | onleave | finished | cancelled +"/></searchParam><searchParam><name value="type"/><type value="token"/><documentation value="Specific type of encounter"/></searchParam></resource><resource><type value="Organization"/><profile><reference value="https://fhir.hl7.org.uk/STU3/StructureDefinition/CareConnect-Organization-1"/></profile><interaction><code value="read"/></interaction><interaction><code value="search-type"/></interaction><conditionalUpdate value="true"/><searchParam><name value="_id"/><type value="string"/><documentation value="The ID of the resource"/></searchParam><searchParam><name value="address-postalcode"/><type value="string"/><documentation value="A postal code specified in an address"/></searchParam><searchParam><name value="identifier"/><type value="token"/><documentation value="Any identifier for the organization (not the accreditation issuer&#39;s identifier)"/></searchParam><searchParam><name value="name"/><type value="string"/><documentation value="A portion of the organization&#39;s name or alias"/></searchParam></resource><resource><type value="Patient"/><profile><reference value="https://fhir.hl7.org.uk/STU3/StructureDefinition/CareConnect-Patient-1"/></profile><interaction><code value="read"/></interaction><interaction><code value="search-type"/></interaction><conditionalUpdate value="true"/><searchParam><name value="_id"/><type value="string"/><documentation value="The ID of the resource"/></searchParam><searchParam><name value="address-postalcode"/><type value="string"/><documentation value="A postalCode specified in an address"/></searchParam><searchParam><name value="birthdate"/><type value="date"/><documentation value="The patient&#39;s date of birth"/></searchParam><searchParam><name value="email"/><type value="string"/><documentation value="A value in an email contact"/></searchParam><searchParam><name value="family"/><type value="string"/><documentation value="A portion of the family name of the patient"/></searchParam><searchParam><name value="gender"/><type value="string"/><documentation value="Gender of the patient"/></searchParam><searchParam><name value="given"/><type value="string"/><documentation value="A portion of the given name of the patient"/></searchParam><searchParam><name value="identifier"/><type value="token"/><documentation value="A patient identifier"/></searchParam><searchParam><name value="name"/><type value="string"/><documentation value="A server defined search that may match any of the string fields in the HumanName, including family, give, prefix, suffix, suffix, and/or text"/></searchParam><searchParam><name value="phone"/><type value="string"/><documentation value="A value in a phone contact"/></searchParam></resource><resource><type value="Practitioner"/><profile><reference value="https://fhir.hl7.org.uk/STU3/StructureDefinition/CareConnect-Practitioner-1"/></profile><interaction><code value="read"/></interaction><interaction><code value="search-type"/></interaction><conditionalUpdate value="true"/><searchParam><name value="_id"/><type value="string"/><documentation value="The ID of the resource"/></searchParam><searchParam><name value="address-postalcode"/><type value="string"/><documentation value="A postalCode specified in an address"/></searchParam><searchParam><name value="identifier"/><type value="token"/><documentation value="A practitioner&#39;s Identifier"/></searchParam><searchParam><name value="name"/><type value="string"/><documentation value="A server defined search that may match any of the string fields in the HumanName, including family, give, prefix, suffix, suffix, and/or text"/></searchParam></resource><resource><type value="PractitionerRole"/><profile><reference value="https://fhir.hl7.org.uk/STU3/StructureDefinition/CareConnect-PractitionerRole-1"/></profile><interaction><code value="read"/></interaction><interaction><code value="search-type"/></interaction><conditionalUpdate value="true"/><searchParam><name value="_id"/><type value="string"/><documentation value="The ID of the resource"/></searchParam><searchParam><name value="identifier"/><type value="token"/><documentation value="A practitioner&#39;s Identifier"/></searchParam><searchParam><name value="organization"/><type value="reference"/><documentation value="The identity of the organization the practitioner represents / acts on behalf of"/></searchParam><searchParam><name value="practitioner"/><type value="reference"/><documentation value="Practitioner that is able to provide the defined services for the organation"/></searchParam></resource><resource><type value="Procedure"/><profile><reference value="https://fhir.hl7.org.uk/STU3/StructureDefinition/CareConnect-Procedure-1"/></profile><interaction><code value="read"/></interaction><interaction><code value="search-type"/></interaction><conditionalUpdate value="true"/><searchParam><name value="_id"/><type value="string"/><documentation value="The ID of the resource"/></searchParam><searchParam><name value="date"/><type value="date"/><documentation value="Date/Period the procedure was performed"/></searchParam><searchParam><name value="identifier"/><type value="token"/><documentation value="A unique identifier for a procedure"/></searchParam><searchParam><name value="patient"/><type value="reference"/><documentation value="Search by subject - a patient"/></searchParam><searchParam><name value="subject"/><type value="reference"/><documentation value="Search by subject"/></searchParam></resource></rest></CapabilityStatement>