<?xml version="1.0" encoding="UTF-8"?><ImplementationGuide xmlns="http://hl7.org/fhir"><id value="mayfield-is.fhir.api"/><text><status value="generated"/><div xmlns="http://www.w3.org/1999/xhtml"><h2>UK FHIR API</h2><p>The official URL for this implementation guide is: </p><pre>https://mayfield-is.co.uk/STU3/ImplementationGuide/fhir-api</pre><div><p>Demonstration of FHIR Implementation Guide to support API Management</p>
</div></div></text><url value="https://mayfield-is.co.uk/STU3/ImplementationGuide/fhir-api"/><name value="UK FHIR API"/><status value="draft"/><experimental value="false"/><date value="2019-12-10T22:32:48+00:00"/><publisher value="mayfield-is"/><contact><telecom><system value="email"/><value value="kevin.mayfield@mayfield-is.co.uk"/></telecom></contact><description value="Demonstration of FHIR Implementation Guide to support API Management"/><jurisdiction><coding><system value="http://unstats.un.org/unsd/methods/m49/m49.htm"/><code value="826"/></coding></jurisdiction><fhirVersion value="3.0.2"/><dependency><type value="reference"/><uri value="https://fhir.hl7.org.uk/STU3/ImplementationGuide/hl7.uk.base"/></dependency><package id="_dyn_capabilitystatement"><name value="Behavior: Capability Statements"/><description value="The following artifacts define the specwhenic capabilities that dwhenferent types of systems complying with this implementation guide are expected to have.  Systems complying with the implementation guide are expected to declare conformance to one or more of the following capability statements."/><resource><extension url="http://hl7.org/fhir/StructureDefinition/implementationguide-page"><valueUri value="CapabilityStatement-pas.html"/></extension><example value="false"/><name value="PAS FHIR RESTful Base Conformance"/><description value="Patient Administration System FHIR RESTful Base Conformance"/><sourceReference><reference value="CapabilityStatement/pas"/></sourceReference></resource><resource><extension url="http://hl7.org/fhir/StructureDefinition/implementationguide-page"><valueUri value="CapabilityStatement-edms.html"/></extension><example value="false"/><name value="EDMS FHIR RESTful Base Conformance"/><description value="Electronic Document Management System FHIR RESTful Base Conformance"/><sourceReference><reference value="CapabilityStatement/edms"/></sourceReference></resource><resource><extension url="http://hl7.org/fhir/StructureDefinition/implementationguide-page"><valueUri value="CapabilityStatement-messaging.html"/></extension><example value="false"/><name value="Messaging FHIR RESTful Base Conformance"/><description value="Messaging System FHIR RESTful Base Conformance. In acute trusts this API will normally be found on the Trust Integration Engine"/><sourceReference><reference value="CapabilityStatement/messaging"/></sourceReference></resource></package><package id="_other"><name value="Other"/><description value="These are resources that are used within this implementation guide that don&#39;t fit into one of the other categories"/><resource><extension url="http://hl7.org/fhir/StructureDefinition/implementationguide-page"><valueUri value="SearchParameter-careconnect-patient-gender.html"/></extension><example value="false"/><name value="Patient Gender"/><description value="Patient Gender description"/><sourceReference><reference value="SearchParameter/careconnect-patient-gender"/></sourceReference></resource></package><page><source value="toc.html"/><title value="Table of Contents"/><kind value="page"/><page><source value="index.html"/><title value="Example API Documentation (Implementation Guide)"/><kind value="resource"/></page><page><source value="swagger-pas.html"/><title value="OpenAPI PAS"/><kind value="page"/></page><page><source value="swagger-edms.html"/><title value="OpenAPI EDMS"/><kind value="page"/></page><page><source value="swagger-messaging.html"/><title value="OpenAPI Messging"/><kind value="page"/></page><page><source value="searchparameters.html"/><title value="Search Paramters"/><kind value="resource"/></page><page><source value="artifacts.html"/><title value="Artifacts Summary"/><kind value="page"/><page><source value="CapabilityStatement-pas.html"/><title value="PAS FHIR RESTful Base Conformance"/><kind value="resource"/></page><page><source value="CapabilityStatement-edms.html"/><title value="EDMS FHIR RESTful Base Conformance"/><kind value="resource"/></page><page><source value="CapabilityStatement-messaging.html"/><title value="Messaging FHIR RESTful Base Conformance"/><kind value="resource"/></page><page><source value="SearchParameter-careconnect-patient-gender.html"/><title value="Patient Gender"/><kind value="resource"/></page></page></page></ImplementationGuide>