<?xml version="1.0" encoding="UTF-8"?><ImplementationGuide xmlns="http://hl7.org/fhir"><id value="careconnect-api-stu3"/><text><status value="generated"/><div xmlns="http://www.w3.org/1999/xhtml"><h2>Care Connect API</h2><p>The official URL for this implementation guide is: </p><pre>https://kevinmayfield.github.io/careconnect-api-stu3/ImplementationGuide/careconnect-api-stu3</pre><div><p>Demonstration of Care Connect STU3 Implementation Guide to support API Management</p>
</div></div></text><url value="https://kevinmayfield.github.io/careconnect-api-stu3/ImplementationGuide/careconnect-api-stu3"/><name value="Care Connect API"/><status value="draft"/><experimental value="false"/><date value="2019-12-14T09:47:18+00:00"/><publisher value="mayfield-is.co.uk"/><contact><telecom><system value="email"/><value value="kevin.mayfield@mayfield-is.co.uk"/></telecom></contact><description value="Demonstration of Care Connect STU3 Implementation Guide to support API Management"/><jurisdiction><coding><system value="http://unstats.un.org/unsd/methods/m49/m49.htm"/><code value="826"/></coding></jurisdiction><fhirVersion value="3.0.2"/><dependency><type value="reference"/><uri value="https://fhir.hl7.org.uk/STU3/ImplementationGuide/careconnect.base.stu3"/></dependency><package id="_dyn_capabilitystatement"><name value="Behavior: Capability Statements"/><description value="The following artifacts define the specwhenic capabilities that dwhenferent types of systems complying with this implementation guide are expected to have.  Systems complying with the implementation guide are expected to declare conformance to one or more of the following capability statements."/><resource><extension url="http://hl7.org/fhir/StructureDefinition/implementationguide-page"><valueUri value="CapabilityStatement-appointment.html"/></extension><example value="false"/><name value="Appointments API"/><description value="Appointments API Conformance"/><sourceReference><reference value="CapabilityStatement/appointment"/></sourceReference></resource><resource><extension url="http://hl7.org/fhir/StructureDefinition/implementationguide-page"><valueUri value="CapabilityStatement-clinical.html"/></extension><example value="false"/><name value="Clinical API"/><description value="Clinical API Conformance"/><sourceReference><reference value="CapabilityStatement/clinical"/></sourceReference></resource><resource><extension url="http://hl7.org/fhir/StructureDefinition/implementationguide-page"><valueUri value="CapabilityStatement-diagnostics.html"/></extension><example value="false"/><name value="Diagnostics API"/><description value="Diagnostics API Conformance"/><sourceReference><reference value="CapabilityStatement/diagnostics"/></sourceReference></resource><resource><extension url="http://hl7.org/fhir/StructureDefinition/implementationguide-page"><valueUri value="CapabilityStatement-foundation.html"/></extension><example value="false"/><name value="Foundation API"/><description value="Foundation API Conformance"/><sourceReference><reference value="CapabilityStatement/foundation"/></sourceReference></resource><resource><extension url="http://hl7.org/fhir/StructureDefinition/implementationguide-page"><valueUri value="CapabilityStatement-medication.html"/></extension><example value="false"/><name value="Medication API"/><description value="Medication API Conformance"/><sourceReference><reference value="CapabilityStatement/medication"/></sourceReference></resource><resource><extension url="http://hl7.org/fhir/StructureDefinition/implementationguide-page"><valueUri value="CapabilityStatement-messaging.html"/></extension><example value="false"/><name value="Messaging API"/><description value="Messaging API Conformance."/><sourceReference><reference value="CapabilityStatement/messaging"/></sourceReference></resource><resource><extension url="http://hl7.org/fhir/StructureDefinition/implementationguide-page"><valueUri value="CapabilityStatement-workflow.html"/></extension><example value="false"/><name value="Workflow API"/><description value="Workflow API Conformance"/><sourceReference><reference value="CapabilityStatement/workflow"/></sourceReference></resource></package><package id="_other"><name value="Other"/><description value="These are resources that are used within this implementation guide that don&#39;t fit into one of the other categories"/><resource><extension url="http://hl7.org/fhir/StructureDefinition/implementationguide-page"><valueUri value="SearchParameter-careconnect-patient-gender.html"/></extension><example value="false"/><name value="Patient Gender"/><description value="Patient Gender description"/><sourceReference><reference value="SearchParameter/careconnect-patient-gender"/></sourceReference></resource></package><page><source value="toc.html"/><title value="Table of Contents"/><kind value="page"/><page><source value="index.html"/><title value="Care Connect API STU3"/><kind value="resource"/></page><page><source value="encounter.html"/><title value="Encounter"/><kind value="resource"/></page><page><source value="patient.html"/><title value="Patient"/><kind value="resource"/></page><page><source value="observation.html"/><title value="Observation"/><kind value="resource"/></page><page><source value="organisation.html"/><title value="Organisation"/><kind value="resource"/></page><page><source value="swagger-pas.html"/><title value="OpenAPI PAS"/><kind value="page"/></page><page><source value="swagger-edms.html"/><title value="OpenAPI EDMS"/><kind value="page"/></page><page><source value="swagger-messaging.html"/><title value="OpenAPI Messging"/><kind value="page"/></page><page><source value="searchparameters.html"/><title value="Search Paramters"/><kind value="resource"/></page><page><source value="artifacts.html"/><title value="Artifacts Summary"/><kind value="page"/><page><source value="CapabilityStatement-appointment.html"/><title value="Appointments API"/><kind value="resource"/></page><page><source value="CapabilityStatement-clinical.html"/><title value="Clinical API"/><kind value="resource"/></page><page><source value="CapabilityStatement-diagnostics.html"/><title value="Diagnostics API"/><kind value="resource"/></page><page><source value="CapabilityStatement-foundation.html"/><title value="Foundation API"/><kind value="resource"/></page><page><source value="CapabilityStatement-medication.html"/><title value="Medication API"/><kind value="resource"/></page><page><source value="CapabilityStatement-messaging.html"/><title value="Messaging API"/><kind value="resource"/></page><page><source value="CapabilityStatement-workflow.html"/><title value="Workflow API"/><kind value="resource"/></page><page><source value="SearchParameter-careconnect-patient-gender.html"/><title value="Patient Gender"/><kind value="resource"/></page></page></page></ImplementationGuide>