<?xml version="1.0" encoding="UTF-8"?><SearchParameter xmlns="http://hl7.org/fhir"><id value="careconnect-patient-gender"/><url value="https://kevinmayfield.github.io/careconnect-api-stu3/SearchParameter/careconnect-patient-gender"/><version value="3.0.0"/><name value="CareConnectPatientGender"/><status value="draft"/><experimental value="false"/><date value="2019-09-23T10:48:45+01:00"/><publisher value="mayfield-is.co.uk"/><contact><telecom><system value="email"/><value value="kevin.mayfield@mayfield-is.co.uk"/></telecom></contact><jurisdiction><coding><system value="http://unstats.un.org/unsd/methods/m49/m49.htm"/><code value="826"/></coding></jurisdiction><code value="gender"/><base value="Patient"/><type value="token"/><derivedFrom value="http://hl7.org/fhir/SearchParameter/individual-gender"/><description value="Gender of the patient"/><expression value="Patient.gender"/><xpath value="f:Patient/f:gender"/><xpathUsage value="normal"/></SearchParameter>