﻿{
  "openapi": "3.0.2",
  "info": {
    "title": "Care Connect Clinical Capability Statement",
    "description": "Minimal conformance requirements for a Clinical API. This would typically be found on Electronic Patient Record Systems",
    "license": {
      "url": "http://spdx.org/licenses/CC0-1.0.html"
    },
    "version": "3.0.0",
    "contact": {
      "name": "mayfield-is.co.uk"
    }
  },
  "externalDocs": {
    "url": "https://kevinmayfield.github.io/careconnect-api-stu3/CapabilityStatement/clinical",
    "description": "FHIR CapabilityStatement"
  },
  "paths": {
    "/metadata": {
      "summary": "Access to the Server\u0027s Capability Statement",
      "description": "All FHIR Servers return a CapabilityStatement that describes what services they perform",
      "get": {
        "summary": "Return the server\u0027s capability statement",
        "operationId": "metadata",
        "responses": {
          "default": {
            "description": "Error, with details",
            "content": {
              "application/fhir+json": {
                "schema": {
                  "$ref": "https://build.fhir.org/fhir.schema.json#/definitions/OperationOutcome"
                }
              }
            }
          },
          "200": {
            "description": "the capbility statement",
            "content": {
              "application/fhir+json": {
                "schema": {
                  "$ref": "https://build.fhir.org/fhir.schema.json#/definitions/CapabilityStatement"
                }
              }
            }
          }
        },
        "parameters": [
          {
            "$ref": "#/components/parameters/format"
          },
          {
            "$ref": "#/components/parameters/pretty"
          },
          {
            "$ref": "#/components/parameters/summary"
          },
          {
            "$ref": "#/components/parameters/elements"
          }
        ]
      }
    },
    "/AllergyIntolerance": {
      "summary": "manage the collection of resources of type AllergyIntolerance",
      "description": "Access to services to manage the collection of all resources of type AllergyIntolerance",
      "get": {
        "summary": "Search all resources of type AllergyIntolerance based on a set of criteria",
        "operationId": "searchAllergyIntolerance",
        "responses": {
          "default": {
            "description": "Error, with details",
            "content": {
              "application/fhir+json": {
                "schema": {
                  "$ref": "https://build.fhir.org/fhir.schema.json#/definitions/OperationOutcome"
                }
              }
            }
          },
          "200": {
            "description": "the resource being returned",
            "content": {
              "application/fhir+json": {
                "schema": {
                  "$ref": "https://build.fhir.org/fhir.schema.json#/definitions/Bundle"
                }
              }
            }
          }
        },
        "parameters": [
          {
            "$ref": "#/components/parameters/format"
          },
          {
            "$ref": "#/components/parameters/pretty"
          },
          {
            "$ref": "#/components/parameters/summary"
          },
          {
            "$ref": "#/components/parameters/elements"
          },
          {
            "name": "_id",
            "in": "query",
            "description": "The ID of the resource",
            "schema": {
              "type": "string"
            }
          },
          {
            "name": "clinical-status",
            "in": "query",
            "description": "active | inactive | resolved",
            "schema": {
              "type": "string"
            }
          },
          {
            "name": "date",
            "in": "query",
            "description": "Date record was believed accurate",
            "schema": {
              "type": "string",
              "pattern": "([0-9]([0-9]([0-9][1-9]|[1-9]0)|[1-9]00)|[1-9]000)(-(0[1-9]|1[0-2])(-(0[1-9]|[1-2][0-9]|3[0-1])(T([01][0-9]|2[0-3]):[0-5][0-9]:([0-5][0-9]|60)(\\.[0-9]+)?(Z|(\\+|-)((0[0-9]|1[0-3]):[0-5][0-9]|14:00)))?)?)?"
            }
          },
          {
            "name": "identifier",
            "in": "query",
            "description": "External ids for this item",
            "schema": {
              "type": "string"
            }
          },
          {
            "name": "patient",
            "in": "query",
            "description": "Who the sensitivity is for",
            "schema": {
              "type": "string"
            }
          },
          {
            "name": "verification-status",
            "in": "query",
            "description": "unconfirmed | confirmed | refuted | entered-in-error",
            "schema": {
              "type": "string"
            }
          }
        ]
      }
    },
    "/AllergyIntolerance/{rid}": {
      "summary": "Read/Write/etc resource instance of type AllergyIntolerance",
      "description": "Access to services to manage the state of a single resource of type AllergyIntolerance",
      "get": {
        "summary": "Read the current state of the resource",
        "operationId": "readAllergyIntolerance",
        "responses": {
          "default": {
            "description": "Error, with details",
            "content": {
              "application/fhir+json": {
                "schema": {
                  "$ref": "https://build.fhir.org/fhir.schema.json#/definitions/OperationOutcome"
                }
              }
            }
          },
          "200": {
            "description": "the resource being returned",
            "headers": {
              "ETag": {
                "description": "Version from Resource.meta.version as a weak ETag",
                "schema": {
                  "type": "string"
                }
              }
            },
            "content": {
              "application/fhir+json": {
                "schema": {
                  "$ref": "https://build.fhir.org/fhir.schema.json#/definitions/AllergyIntolerance"
                }
              }
            }
          }
        },
        "parameters": [
          {
            "$ref": "#/components/parameters/rid"
          },
          {
            "$ref": "#/components/parameters/summary"
          },
          {
            "$ref": "#/components/parameters/format"
          },
          {
            "$ref": "#/components/parameters/pretty"
          },
          {
            "$ref": "#/components/parameters/elements"
          }
        ]
      }
    },
    "/Condition": {
      "summary": "manage the collection of resources of type Condition",
      "description": "Access to services to manage the collection of all resources of type Condition",
      "get": {
        "summary": "Search all resources of type Condition based on a set of criteria",
        "operationId": "searchCondition",
        "responses": {
          "default": {
            "description": "Error, with details",
            "content": {
              "application/fhir+json": {
                "schema": {
                  "$ref": "https://build.fhir.org/fhir.schema.json#/definitions/OperationOutcome"
                }
              }
            }
          },
          "200": {
            "description": "the resource being returned",
            "content": {
              "application/fhir+json": {
                "schema": {
                  "$ref": "https://build.fhir.org/fhir.schema.json#/definitions/Bundle"
                }
              }
            }
          }
        },
        "parameters": [
          {
            "$ref": "#/components/parameters/format"
          },
          {
            "$ref": "#/components/parameters/pretty"
          },
          {
            "$ref": "#/components/parameters/summary"
          },
          {
            "$ref": "#/components/parameters/elements"
          },
          {
            "name": "_id",
            "in": "query",
            "description": "The ID of the resource",
            "schema": {
              "type": "string"
            }
          },
          {
            "name": "asserted-date",
            "in": "query",
            "description": "Date record was believed accurate",
            "schema": {
              "type": "string",
              "pattern": "([0-9]([0-9]([0-9][1-9]|[1-9]0)|[1-9]00)|[1-9]000)(-(0[1-9]|1[0-2])(-(0[1-9]|[1-2][0-9]|3[0-1])(T([01][0-9]|2[0-3]):[0-5][0-9]:([0-5][0-9]|60)(\\.[0-9]+)?(Z|(\\+|-)((0[0-9]|1[0-3]):[0-5][0-9]|14:00)))?)?)?"
            }
          },
          {
            "name": "category",
            "in": "query",
            "description": "The category of the condition",
            "schema": {
              "type": "string"
            }
          },
          {
            "name": "clinical-status",
            "in": "query",
            "description": "The clinical status of the condition",
            "schema": {
              "type": "string"
            }
          },
          {
            "name": "identifier",
            "in": "query",
            "description": "A unique identifier of the condition record",
            "schema": {
              "type": "string"
            }
          },
          {
            "name": "patient",
            "in": "query",
            "description": "Who has the condition?",
            "schema": {
              "type": "string"
            }
          }
        ]
      }
    },
    "/Condition/{rid}": {
      "summary": "Read/Write/etc resource instance of type Condition",
      "description": "Access to services to manage the state of a single resource of type Condition",
      "get": {
        "summary": "Read the current state of the resource",
        "operationId": "readCondition",
        "responses": {
          "default": {
            "description": "Error, with details",
            "content": {
              "application/fhir+json": {
                "schema": {
                  "$ref": "https://build.fhir.org/fhir.schema.json#/definitions/OperationOutcome"
                }
              }
            }
          },
          "200": {
            "description": "the resource being returned",
            "headers": {
              "ETag": {
                "description": "Version from Resource.meta.version as a weak ETag",
                "schema": {
                  "type": "string"
                }
              }
            },
            "content": {
              "application/fhir+json": {
                "schema": {
                  "$ref": "https://build.fhir.org/fhir.schema.json#/definitions/Condition"
                }
              }
            }
          }
        },
        "parameters": [
          {
            "$ref": "#/components/parameters/rid"
          },
          {
            "$ref": "#/components/parameters/summary"
          },
          {
            "$ref": "#/components/parameters/format"
          },
          {
            "$ref": "#/components/parameters/pretty"
          },
          {
            "$ref": "#/components/parameters/elements"
          }
        ]
      }
    },
    "/Procedure": {
      "summary": "manage the collection of resources of type Procedure",
      "description": "Access to services to manage the collection of all resources of type Procedure",
      "get": {
        "summary": "Search all resources of type Procedure based on a set of criteria",
        "operationId": "searchProcedure",
        "responses": {
          "default": {
            "description": "Error, with details",
            "content": {
              "application/fhir+json": {
                "schema": {
                  "$ref": "https://build.fhir.org/fhir.schema.json#/definitions/OperationOutcome"
                }
              }
            }
          },
          "200": {
            "description": "the resource being returned",
            "content": {
              "application/fhir+json": {
                "schema": {
                  "$ref": "https://build.fhir.org/fhir.schema.json#/definitions/Bundle"
                }
              }
            }
          }
        },
        "parameters": [
          {
            "$ref": "#/components/parameters/format"
          },
          {
            "$ref": "#/components/parameters/pretty"
          },
          {
            "$ref": "#/components/parameters/summary"
          },
          {
            "$ref": "#/components/parameters/elements"
          },
          {
            "name": "_id",
            "in": "query",
            "description": "The ID of the resource",
            "schema": {
              "type": "string"
            }
          },
          {
            "name": "date",
            "in": "query",
            "description": "Date/Period the procedure was performed",
            "schema": {
              "type": "string",
              "pattern": "([0-9]([0-9]([0-9][1-9]|[1-9]0)|[1-9]00)|[1-9]000)(-(0[1-9]|1[0-2])(-(0[1-9]|[1-2][0-9]|3[0-1])(T([01][0-9]|2[0-3]):[0-5][0-9]:([0-5][0-9]|60)(\\.[0-9]+)?(Z|(\\+|-)((0[0-9]|1[0-3]):[0-5][0-9]|14:00)))?)?)?"
            }
          },
          {
            "name": "identifier",
            "in": "query",
            "description": "A unique identifier for a procedure",
            "schema": {
              "type": "string"
            }
          },
          {
            "name": "patient",
            "in": "query",
            "description": "Search by subject - a patient",
            "schema": {
              "type": "string"
            }
          },
          {
            "name": "subject",
            "in": "query",
            "description": "Search by subject",
            "schema": {
              "type": "string"
            }
          }
        ]
      }
    },
    "/Procedure/{rid}": {
      "summary": "Read/Write/etc resource instance of type Procedure",
      "description": "Access to services to manage the state of a single resource of type Procedure",
      "get": {
        "summary": "Read the current state of the resource",
        "operationId": "readProcedure",
        "responses": {
          "default": {
            "description": "Error, with details",
            "content": {
              "application/fhir+json": {
                "schema": {
                  "$ref": "https://build.fhir.org/fhir.schema.json#/definitions/OperationOutcome"
                }
              }
            }
          },
          "200": {
            "description": "the resource being returned",
            "headers": {
              "ETag": {
                "description": "Version from Resource.meta.version as a weak ETag",
                "schema": {
                  "type": "string"
                }
              }
            },
            "content": {
              "application/fhir+json": {
                "schema": {
                  "$ref": "https://build.fhir.org/fhir.schema.json#/definitions/Procedure"
                }
              }
            }
          }
        },
        "parameters": [
          {
            "$ref": "#/components/parameters/rid"
          },
          {
            "$ref": "#/components/parameters/summary"
          },
          {
            "$ref": "#/components/parameters/format"
          },
          {
            "$ref": "#/components/parameters/pretty"
          },
          {
            "$ref": "#/components/parameters/elements"
          }
        ]
      }
    }
  },
  "components": {
    "parameters": {
      "rid": {
        "name": "rid",
        "in": "path",
        "description": "id of the resource (\u003dResource.id)",
        "required": true,
        "allowEmptyValue": false,
        "style": "simple",
        "schema": {
          "type": "string"
        }
      },
      "hid": {
        "name": "hid",
        "in": "path",
        "description": "id of the history entry (\u003dResource.meta.versionId)",
        "required": true,
        "allowEmptyValue": false,
        "style": "simple",
        "schema": {
          "type": "string"
        }
      },
      "summary": {
        "name": "_summary",
        "in": "query",
        "description": "Requests the server to return a designated subset of the resource",
        "allowEmptyValue": true,
        "style": "form",
        "schema": {
          "type": "string",
          "enum": [
            "true",
            "text",
            "data",
            "count",
            "false"
          ]
        }
      },
      "format": {
        "name": "_format",
        "in": "query",
        "description": "Specify alternative response formats by their MIME-types (when a client is unable acccess accept: header)",
        "allowEmptyValue": true,
        "style": "form",
        "schema": {
          "type": "string",
          "format": "mime-type"
        }
      },
      "pretty": {
        "name": "_pretty",
        "in": "query",
        "description": "Ask for a pretty printed response for human convenience",
        "allowEmptyValue": true,
        "style": "form",
        "schema": {
          "type": "boolean"
        }
      },
      "elements": {
        "name": "_elements",
        "in": "query",
        "description": "Requests the server to return a collection of elements from the resource",
        "allowEmptyValue": true,
        "style": "form",
        "explode": false,
        "schema": {
          "type": "array",
          "format": "string",
          "items": {
            "format": "string"
          }
        }
      },
      "count": {
        "name": "_count",
        "in": "query",
        "description": "The maximum number of search results on a page. The server is not bound to return the number requested, but cannot return more",
        "schema": {
          "type": "number"
        }
      }
    }
  }
}