<?xml version="1.0" encoding="UTF-8"?>

<ImplementationGuide xmlns="http://hl7.org/fhir">
  <id value="mayfield-is.fhir.api"/>
  <text>
    <status value="generated"/><div xmlns="http://www.w3.org/1999/xhtml"><h2>UK FHIR API</h2><p>The official URL for this implementation guide is: </p><pre>https://mayfield-is.co.uk/STU3/ImplementationGuide/fhir-api</pre><div><p>Demonstration of FHIR Implementation Guide to support API Management</p>
</div></div>
  </text>
  <url value="https://mayfield-is.co.uk/STU3/ImplementationGuide/fhir-api"/>
  <name value="UK FHIR API"/>
  <status value="draft"/>
  <experimental value="false"/>
  <date value="2019-12-13T07:36:24+00:00"/>
  <publisher value="mayfield-is"/>
  <contact>
    <telecom>
      <system value="email"/>
      <value value="kevin.mayfield@mayfield-is.co.uk"/>
    </telecom>
  </contact>
  <description value="Demonstration of FHIR Implementation Guide to support API Management"/>
  <jurisdiction>
    <coding>
      <system value="http://unstats.un.org/unsd/methods/m49/m49.htm"/>
      <code value="826"/>
    </coding>
  </jurisdiction>
  <fhirVersion value="3.0.2"/>
  <dependency>
    <type value="reference"/>
    <uri value="https://fhir.hl7.org.uk/STU3/ImplementationGuide/careconnect.base.stu3"/>
  </dependency>
  <page>
    <source value="toc.html"/>
    <title value="Table of Contents"/>
    <kind value="page"/>
    <page>
      <source value="index.html"/>
      <title value="Example API Documentation (Implementation Guide)"/>
      <kind value="resource"/>
    </page>
    <page>
      <source value="swagger-pas.html"/>
      <title value="OpenAPI PAS"/>
      <kind value="page"/>
    </page>
    <page>
      <source value="swagger-edms.html"/>
      <title value="OpenAPI EDMS"/>
      <kind value="page"/>
    </page>
    <page>
      <source value="swagger-messaging.html"/>
      <title value="OpenAPI Messging"/>
      <kind value="page"/>
    </page>
    <page>
      <source value="searchparameters.html"/>
      <title value="Search Paramters"/>
      <kind value="resource"/>
    </page>
  </page>
</ImplementationGuide>