{
 "package-id" : "careconnect.api.stu3",
 "title" : "Example CareConnect API STU3",
 "canonical" : "https://kevinmayfield.github.io/careconnect-api-stu3",
 "introduction" : "The introduction that should appear in the FHIR IG registry",
 "list" : [{
  "version" : "current",
  "desc" : "Continuous Integration Build (latest in version control)",
  "path" : "https://kevinmayfield.github.io/careconnect-api-stu3",
  "status" : "ci-build",
  "current" : true
 },{
  "version" : "3.0.0",
  "date" : "2099-01-01",
  "desc" : "Initial STU ballot (Mmm yyyy Ballot)",
  "path" : "https://kevinmayfield.github.io/careconnect-api-stu3",
  "status" : "draft",
  "sequence" : "STU3"
 }]
}