<div xmlns="http://www.w3.org/1999/xhtml" xmlns:xsi="http://www.w3.org/2001/XMLSchema-instance" xsi:schemaLocation="http://hl7.org/fhir ../../input-cache/schemas-r5/fhir-single.xsd">

    <link rel="stylesheet" type="text/css" href="./swagger-ui.css" />
    <link rel="icon" type="image/png" href="./favicon-32x32.png" sizes="32x32" />
    <link rel="icon" type="image/png" href="./favicon-16x16.png" sizes="16x16" />

    <div id="swagger-ui"></div>

    <script src="./swagger-ui-bundle.js"> </script>
    <script src="./swagger-ui-standalone-preset.js"> </script>
    <script>
    window.onload = function() {
      // Begin Swagger UI call region
      const ui = SwaggerUIBundle({
        url: "https://kevinmayfield.github.io/careconnect-api-stu3/pas-noschema.openapi.json",
        dom_id: '#swagger-ui',
        deepLinking: true,
        presets: [
        SwaggerUIBundle.presets.apis
        ]
      })
      // End Swagger UI call region

      window.ui = ui
    }
  </script>
</div>